jojo														
jolly rancher	jollyrancher													
jols	jol													
joojoo														
juicy fruit	juicyfruit													
jumex														
juno														
justice league	justiceleague													
k-y	ky													
ka														
kanga														
kellogg's	kelloggs	kellogg												
kellys	kelly													
kerastase														
keratinology														
kervan														
kettle														
kidsmania														
kinder														
kingsway														
kit kat	kitkat													
kleenex														
klondike														
koko's	koko	kokos												
koolaid														
kopiko														
kotex														
krispa														
l & p	l and p	lp	l n p	l&p										
l'oreal	loreal													
laffy taffy	laffytaffy													
lalaloopsy														
lancaster														
lay's	lays	lay												
lemsip														
leroy's	leroy	leroys												
li'l tracks sour	lil tracks sour	li'ltrackssour	liltrackssour											
libby's	libbys	libby												
libra														
life savers	life saver	lifesavers	lifesaver											
lifebuoy														
lift														
lily														
lily o'brian	lilyo'brian	lily obrian	lilyobrian											
lindor														
lindt														
lipton														
liquidpower														
listerine														
lolly mania	lollymania													
longhorn														
lotus	lotu													
lucas	luca													
lux														
lyle's	lyle	lyles												
lynx														
m&m's	m & m's	m&m	m&ms	mm	m n m's	m & m	mm's	m n ms	mms	m and m	m & ms	m and m's	m and ms	m n m
macleans	maclean													
madelaine														
maltesers	malteser													
manchester united	manchesterunited													
mandy martin	mandymartin													
mars	mar													
marshmallow fluff	marshmallowfluff													
marvel														
maxell														
maynards	maynard													
mcvitie's	mcvitie	mcvities												
medi choice	medichoice													
mega monseter munch	megamonsetermunch													
mello yello	melloyello													
mentos	mento													
mickey														
mike & ike	mike&ike	mike n ike	mike and ike	mikeike										
milk duds	milk dud	milkduds	milkdud											
milky bar	milkybar													
milky way	milkyway													
million dollar bar	milliondollarbar													
milo														
minion														
minions	minion													
monster														
moonpie														
morning fresh	morningfresh													
mortein														
mother														
mountain dew	mountaindew													
mr basil	mrbasil													
mr goodbar	mrgoodbar													
mr muscle	mrmuscle													
mr stanley's	mrstanley's	mrstanley	mr stanley	mr stanleys	mrstanleys									
mrs freshley's	mrs freshleys	mrsfreshleys	mrs freshley	mrsfreshley	mrsfreshley's									
mug														
multix														
munch														
murine														
musa														
my														
mylanta														
napro														
nature's organic	naturesorganic	nature'sorganic	natures organic											
nerds	nerd													
nescafe														
nesquik														
nestle														
ninja turtles	ninjaturtles	ninjaturtle	ninja turtle											
nintendo														
nivea														
nongshim														
now & later	now and later	nowlater	now&later	now n later										
nula hoops	nulahoop	nula hoop	nulahoops											
nurofen														
nuron														
nutella														
nyal														
oakleaf														
office central	officecentral													
oj														
olay														
old jamaica	oldjamaica													
optrex														
oracle organic	oracleorganic													
oral-b	oralb													
oreo														
original springs	original spring	originalspring	originalsprings											
ovalteenies	ovalteenie													
pac-man	pacman													
pain 100%	pain100	pain100%	pain 1zerozero%	pain 1zerozero	painone00	pain1zerozero	pain one00	pain one00%	painone00%	pain1zerozero%	pain 100			
pain is good	painisgood													
palmolive														
panadol														
pantene														
party delights	partydelight	partydelights	party delight											
partyware														
pascall														
paw patrol	pawpatrol													
payday														
peppa														
pepsi														
pez														
pg tips	pg tip	pgtips	pgtip											
pibb														
pin pop	pinpop													
pine o cleen	pineocleen													
piranha														
pods	pod													
pokka														
pop rocks	poprock	poprocks	pop rock											
poppies	poppie													
post														
post-it	postit													
pot noodle	potnoodle													
powerade														
princess	princes													
pringles	pringle													
pro namel	pronamel													
pura papa	purapapa													
pzx														
quavers	quaver													
quilton														
radiant														
radical														
raisinets	raisinet													
razzles	razzle													
red bull	redbull													
red rock deli	redrockdeli													
redhot														
redvines	redvine													
reed's	reeds	reed												
reese's	reese	reeses												
refresh														
refreshers	refresher													
revels	revel													
rexona														
ring pop	ringpop													
ritter sport	rittersport													
rj														
rockcandy														
rocky mountain	rockymountain													
rolla belta	rollabelta													
rolo														
rountrees	rountree													
rowntree														
rude dudes	rudedude	rudedudes	rude dude											
s.pellecrino														
sabroso														
sandisk														
sanxiao														
sard														
sathers	sather													
schick														
scholl														
schwarzkopf														
scooby doo	scoobydoo													
scotch brite	scotchbrite													
sensodyne														
sherbet														
shopkins	shopkin													
simpkins	simpkin													
simpsons	simpson													
sixlets	sixlet													
skips	skip													
skittles	skittle													
slim fruits	slimfruits	slim fruit	slimfruit											
slush puppie	slushpuppie													
smarties	smartie													
smith's	smiths	smith												
smooze														
smucker's	smuckers	smucker												
snapple														
snickers	snicker													
soothers	soother													
sorbent														
sour patch	sourpatch													
sour punch	sourpunch													
spiderman														
sponge bob	spongebob													
sprite														
star wars	starwars	star war	starwar											
starbucks	starbuck													
starburst														
stayfree														
stewart's	stewart	stewarts												
stockyard														
strepsils	strepsil													
sudafed														
sugar babies	sugarbabie	sugar babie	sugarbabies											
sugar daddy	sugardaddy													
sugar free vines	sugar free vine	sugarfreevines	sugarfreevine											
sunkist														
superman														
swedish fish	swedishfish													
sweet & sour	sweet and sour	sweet&sour	sweet n sour	sweetsour										
sweetarts	sweetart													
sweethearts	sweetheart													
sweetmans	sweetman													
swirl pops	swirl pop	swirlpop	swirlpops											
swizzel's	swizzel	swizzels												
tab														
tabasco														
tahitian treat	tahitiantreat													
take 5	takefive	take five	take5											
tango														
tapeit														
tasti														
taveners	tavener													
tayto														
tealights	tealight													
telfast														
terry														
terrys	terry													
the juice guys	thejuiceguys	the juice guy	thejuiceguy											
thins	thin													
thorntons	thornton													
tic tac	tictac													
tilley's	tilley	tilleys												
tnt														
toblerone														
too tarts	tootarts	too tart	tootart											
tootsie														
topic														
topps	topp													
toxic waste	toxicwaste													
transformers	transformer													
trolli														
trolls	troll													
twix														
twizzlers	twizzler													
unif														
v														
vampire chews	vampirechew	vampire chew	vampirechews											
vaseline														
ventti														
venus	venu													
vicks	vick													
vidal														
vileda														
vimto														
virgil's	virgils	virgil												
visine														
vo5	vofive													
walker's nonsuch	walker'snonsuch	walkers nonsuch	walkersnonsuch											
walkers	walker													
warhead														
warheads	warhead													
welch's	welchs	welch												
werther's	werther	werthers												
wetones	wetone													
wheat crunchies	wheatcrunchie	wheatcrunchies	wheat crunchie											
whisper														
white king	whiteking													
whittaker's	whittaker	whittakers												
whoppers	whopper													
wicked fizz	wickedfizz													
wizard														
wizz fizz	wizzfizz													
wom														
wonka														
wrigley's	wrigleys	wrigley												
xtreme														
yanyan														
york														
yorkie														
yorkshire														
yowie														
yupi														
zantac														
zappo														
zazuage														
zed														
zippo														
zombie														
zombie chew	zombiechew													
zootopia														
zyrtec														
ropan														
prydes	pryde													
lolliland														
lotta luv	lottaluv													
johnson's	johnson	johnsons												
other														
jelly bean factory	jellybeanfactory													
jelly belly	jellybelly													
jelly filled	jellyfilled													
jelly jar	jellyjar													
jibba														
jif														
jila														
johnson & johnson	johnson n johnson	johnsonjohnson	johnson&johnson	johnson and johnson										
voltaren														
rainbow														
ocean spray	oceanspray													
twisties	twistie													
bushman														
taste beauty	tastebeauty													
28black	two8black	2eightblack												
3musketeers	3musketeer	threemusketeer	threemusketeers											
5-hour energy	fivehourenergy	five-hourenergy	fivehour energy	5hour energy	five-hour energy	5hourenergy	5-hourenergy							
5gum	fivegum													
7up	sevenup													
a&w	a & w	a n w	a and w	aw										
abri														
adidas	adida													
advil														
aero														
airheads	airhead													
airwaves	airwave													
ait														
ajax														
allen's	allen	allens												
allseps	allsep													
almondjoy														
aloe vera	aloevera													
alpen														
altoids	altoid													
ambi pur	ambipur													
angel delight	angeldelight													
angry birds	angrybird	angry bird	angrybirds											
annabelle														
ansell														
arizona														
arnott's	arnotts	arnott												
aunt jemima	auntjemima													
avengers	avenger													
babylove														
banana boat	bananaboat													
band-aid	bandaid													
barbie														
barq's	barq	barqs												
barr														
bassett's	bassetts	bassett												
batman														
bazic														
bazooka														
bbl														
beacon tots	beacon tot	beacontot	beacontots											
beanie boos	beanie boo	beanieboos	beanieboo											
bee														
ben shaws	ben shaw	benshaws	benshaw											
bendicks	bendick													
berocca														
betadine														
betta														
bic														
big cock	bigcock													
big league	bigleague													
big pineapple	bigpineapple													
big red	bigred													
birds	bird													
bisto														
blistex														
blowpipes	blowpipe													
blowpop														
bluebird														
bob's	bob	bobs												
bondi														
bounty														
brach's	brachs	brach												
branston														
brookside														
brylcreem														
bubblicious	bubbliciou													
buncha														
bundaberg														
butter menthol 	buttermenthol													
butterfinger														
cactus cooler	cactuscooler													
cadbury														
cadbury dairy milk	cadburydairymilk													
canada dry	canadadry													
cancer council	cancercouncil													
candy coated marshmallow	candycoatedmarshmallow													
candyrific														
cap'n crunch	capn crunch	cap'ncrunch	capncrunch											
carefree														
cavendish & harvey	cavendish n harvey	cavendish and harvey	cavendish&harvey	cavendishharvey										
cc's	ccs	cc												
chapstick														
charms	charm													
cheerios	cheerio													
cheetos	cheeto													
cheezels	cheezel													
chunky funkeez	chunkyfunkeez													
chupa chup	chupachup													
chupa chups	chupachup	chupachups	chupa chup											
chux														
claratyne														
clif bar	clifbar													
club														
coca-cola	cocacola													
codral														
coldpower														
colgate														
comfort														
cosmic														
country dreams	countrydream	countrydreams	country dream											
cowtown														
crayola														
crispyfruit														
crush														
crystal														
csr														
cuddly														
curash														
cussons	cusson													
cutex														
da'bomb	dabomb													
daddies	daddie													
decoria														
demets	demet													
desert storm	desertstorm													
dettol														
dip stix	dipstix													
dippees	dippee													
discos	disco													
disney														
disprin														
dorito's	doritos	dorito												
doritos	dorito													
double bubble	doublebubble													
dove														
dr pepper	drpepper													
dubble bubble	dubblebubble													
duct tape	ducttape													
duo														
duracell														
duramax														
durasoft														
dynamo														
eclipse														
efrutti														
el bubble	elbubble													
el yucateco	elyucateco													
elastoplast														
energizer														
esonic														
evian														
extra														
fanta														
farrah's	farrah	farrahs												
faygo														
ferrara pan	ferrarapan													
ferrero														
fiesta														
finding dory	findingdory													
finesse														
finetime														
fini														
finish														
fisherman's friend	fisherman'sfriend	fishermans friend	fishermansfriend											
fizzers	fizzer													
flipz														
flix														
fluffy stuff	fluffystuff													
flying cauldron	flyingcauldron													
foodflo														
ford														
four seasons naked	fourseasonsnaked													
frankford														
franks	frank													
french fries	frenchfries	french frie	frenchfrie											
freshen-up	freshenup													
fritos	frito													
frozen														
fruit stripe	fruitstripe													
fuji xerox	fujixerox													
fusion														
fyna														
galaxy														
gallice														
games for motion	gamesformotion													
garfield														
garnier														
gas pump	gaspump													
gatorade														
gaviscon														
geast														
geek tape	geektape													
general mills	generalmill	generalmills	general mill											
ghost drops	ghostdrops	ghost drop	ghostdrop											
giant roaster	giantroaster													
gillette														
gilliam stick	gilliamstick													
glad														
glade														
glow nails	glownail	glow nail	glownails											
go natural	gonatural													
goetze cow tales	goetzecowtale	goetzecowtales	goetze cow tale											
golightly														
good & fruity	goodfruity	good&fruity	good and fruity	good n fruity										
good & plenty	goodplenty	good and plenty	good&plenty	good n plenty										
gp														
grainwaves	grainwave													
gran's	grans	gran												
grapevines	grapevine													
greek yogurt	greekyogurt													
green time	greentime													
gummini														
gummy filled marshmallow	gummyfilledmarshmallow													
haribo														
harpic														
harry potter	harrypotter													
hawaiian punch	hawaiianpunch													
haywards	hayward													
hazerbaba														
head shoulders	head shoulder	headshoulder	headshoulders											
heartbeat														
heide														
heinz														
hello ketty	helloketty													
hello panda	hellopanda													
hemp														
hempade														
herbal essences	herbalessence	herbalessences	herbal essence											
herr's	herr	herrs												
hershey's	hershey	hersheys												
hichew														
hilco														
homework														
hostess	hostes													
hot tamales	hot tamale	hottamale	hottamales											
hotheads	hothead													
hotlix														
hp														
hubba														
hubba bubba	hubbabubba													
huggies	huggie													
hula hoops	hulahoop	hulahoops	hula hoop											
hygiene plus	hygiene plu	hygieneplu	hygieneplus											
ibc														
ice breaker	icebreaker													
impulse														
indomie														
inki														
jack daniel's	jackdaniel	jack daniel	jackdaniel's	jackdaniels	jack daniels									
jacob's	jacobs	jacob												
jarrito														
jawbreaker														
