jollyrancher	jolly rancher
jol	jols
juicyfruit	juicy fruit
justiceleague	justice league
ky	k-y
kelloggs	kellogg's
kellogg	kellogg's
kelly	kellys
kitkat	kit kat
koko	koko's
kokos	koko's
l and p	l & p
lp	l & p
l n p	l & p
l&p	l & p
loreal	l'oreal
laffytaffy	laffy taffy
lays	lay's
lay	lay's
leroy	leroy's
leroys	leroy's
lil tracks sour	li'l tracks sour
li'ltrackssour	li'l tracks sour
liltrackssour	li'l tracks sour
libbys	libby's
libby	libby's
life saver	life savers
lifesavers	life savers
lifesaver	life savers
lilyo'brian	lily o'brian
lily obrian	lily o'brian
lilyobrian	lily o'brian
lollymania	lolly mania
lotu	lotus
luca	lucas
lyle	lyle's
lyles	lyle's
m & m's	m&m's
m&m	m&m's
m&ms	m&m's
mm	m&m's
m n m's	m&m's
m & m	m&m's
mm's	m&m's
m n ms	m&m's
mms	m&m's
m and m	m&m's
m & ms	m&m's
m and m's	m&m's
m and ms	m&m's
m n m	m&m's
maclean	macleans
malteser	maltesers
manchesterunited	manchester united
mandymartin	mandy martin
mar	mars
marshmallowfluff	marshmallow fluff
maynard	maynards
mcvitie	mcvitie's
mcvities	mcvitie's
medichoice	medi choice
megamonsetermunch	mega monseter munch
melloyello	mello yello
mento	mentos
mike&ike	mike & ike
mike n ike	mike & ike
mike and ike	mike & ike
mikeike	mike & ike
milk dud	milk duds
milkduds	milk duds
milkdud	milk duds
milkybar	milky bar
milkyway	milky way
milliondollarbar	million dollar bar
minion	minions
morningfresh	morning fresh
mountaindew	mountain dew
mrbasil	mr basil
mrgoodbar	mr goodbar
mrmuscle	mr muscle
mrstanley's	mr stanley's
mrstanley	mr stanley's
mr stanley	mr stanley's
mr stanleys	mr stanley's
mrstanleys	mr stanley's
mrs freshleys	mrs freshley's
mrsfreshleys	mrs freshley's
mrs freshley	mrs freshley's
mrsfreshley	mrs freshley's
mrsfreshley's	mrs freshley's
naturesorganic	nature's organic
nature'sorganic	nature's organic
natures organic	nature's organic
nerd	nerds
ninjaturtles	ninja turtles
ninjaturtle	ninja turtles
ninja turtle	ninja turtles
now and later	now & later
nowlater	now & later
now&later	now & later
now n later	now & later
nulahoop	nula hoops
nula hoop	nula hoops
nulahoops	nula hoops
officecentral	office central
oldjamaica	old jamaica
oracleorganic	oracle organic
oralb	oral-b
original spring	original springs
originalspring	original springs
originalsprings	original springs
ovalteenie	ovalteenies
pacman	pac-man
pain100	pain 100%
pain100%	pain 100%
pain 1zerozero%	pain 100%
pain 1zerozero	pain 100%
painone00	pain 100%
pain1zerozero	pain 100%
pain one00	pain 100%
pain one00%	pain 100%
painone00%	pain 100%
pain1zerozero%	pain 100%
pain 100	pain 100%
painisgood	pain is good
partydelight	party delights
partydelights	party delights
party delight	party delights
pawpatrol	paw patrol
pg tip	pg tips
pgtips	pg tips
pgtip	pg tips
pinpop	pin pop
pineocleen	pine o cleen
pod	pods
poprock	pop rocks
poprocks	pop rocks
pop rock	pop rocks
poppie	poppies
postit	post-it
potnoodle	pot noodle
princes	princess
pringle	pringles
pronamel	pro namel
purapapa	pura papa
quaver	quavers
raisinet	raisinets
razzle	razzles
redbull	red bull
redrockdeli	red rock deli
redvine	redvines
reeds	reed's
reed	reed's
reese	reese's
reeses	reese's
refresher	refreshers
revel	revels
ringpop	ring pop
rittersport	ritter sport
rockymountain	rocky mountain
rollabelta	rolla belta
rountree	rountrees
rudedude	rude dudes
rudedudes	rude dudes
rude dude	rude dudes
sather	sathers
scoobydoo	scooby doo
scotchbrite	scotch brite
shopkin	shopkins
simpkin	simpkins
simpson	simpsons
sixlet	sixlets
skip	skips
skittle	skittles
slimfruits	slim fruits
slim fruit	slim fruits
slimfruit	slim fruits
slushpuppie	slush puppie
smartie	smarties
smiths	smith's
smith	smith's
smuckers	smucker's
smucker	smucker's
snicker	snickers
soother	soothers
sourpatch	sour patch
sourpunch	sour punch
spongebob	sponge bob
starwars	star wars
star war	star wars
starwar	star wars
starbuck	starbucks
stewart	stewart's
stewarts	stewart's
strepsil	strepsils
sugarbabie	sugar babies
sugar babie	sugar babies
sugarbabies	sugar babies
sugardaddy	sugar daddy
sugar free vine	sugar free vines
sugarfreevines	sugar free vines
sugarfreevine	sugar free vines
swedishfish	swedish fish
sweet and sour	sweet & sour
sweet&sour	sweet & sour
sweet n sour	sweet & sour
sweetsour	sweet & sour
sweetart	sweetarts
sweetheart	sweethearts
sweetman	sweetmans
swirl pop	swirl pops
swirlpop	swirl pops
swirlpops	swirl pops
swizzel	swizzel's
swizzels	swizzel's
tahitiantreat	tahitian treat
takefive	take 5
take five	take 5
take5	take 5
tavener	taveners
tealight	tealights
terry	terrys
thejuiceguys	the juice guys
the juice guy	the juice guys
thejuiceguy	the juice guys
thin	thins
thornton	thorntons
tictac	tic tac
tilley	tilley's
tilleys	tilley's
tootarts	too tarts
too tart	too tarts
tootart	too tarts
topp	topps
toxicwaste	toxic waste
transformer	transformers
troll	trolls
twizzler	twizzlers
vampirechew	vampire chews
vampire chew	vampire chews
vampirechews	vampire chews
venu	venus
vick	vicks
virgils	virgil's
virgil	virgil's
vofive	vo5
walker'snonsuch	walker's nonsuch
walkers nonsuch	walker's nonsuch
walkersnonsuch	walker's nonsuch
walker	walkers
warhead	warheads
welchs	welch's
welch	welch's
werther	werther's
werthers	werther's
wetone	wetones
wheatcrunchie	wheat crunchies
wheatcrunchies	wheat crunchies
wheat crunchie	wheat crunchies
whiteking	white king
whittaker	whittaker's
whittakers	whittaker's
whopper	whoppers
wickedfizz	wicked fizz
wizzfizz	wizz fizz
wrigleys	wrigley's
wrigley	wrigley's
zombiechew	zombie chew
pryde	prydes
lottaluv	lotta luv
johnson	johnson's
johnsons	johnson's
jellybeanfactory	jelly bean factory
jellybelly	jelly belly
jellyfilled	jelly filled
jellyjar	jelly jar
johnson n johnson	johnson & johnson
johnsonjohnson	johnson & johnson
johnson&johnson	johnson & johnson
johnson and johnson	johnson & johnson
oceanspray	ocean spray
twistie	twisties
tastebeauty	taste beauty
two8black	28black
2eightblack	28black
3musketeer	3musketeers
threemusketeer	3musketeers
threemusketeers	3musketeers
fivehourenergy	5-hour energy
five-hourenergy	5-hour energy
fivehour energy	5-hour energy
5hour energy	5-hour energy
five-hour energy	5-hour energy
5hourenergy	5-hour energy
5-hourenergy	5-hour energy
fivegum	5gum
sevenup	7up
a & w	a&w
a n w	a&w
a and w	a&w
aw	a&w
adida	adidas
airhead	airheads
airwave	airwaves
allen	allen's
allens	allen's
allsep	allseps
aloevera	aloe vera
altoid	altoids
ambipur	ambi pur
angeldelight	angel delight
angrybird	angry birds
angry bird	angry birds
angrybirds	angry birds
arnotts	arnott's
arnott	arnott's
auntjemima	aunt jemima
avenger	avengers
bananaboat	banana boat
bandaid	band-aid
barq	barq's
barqs	barq's
bassetts	bassett's
bassett	bassett's
beacon tot	beacon tots
beacontot	beacon tots
beacontots	beacon tots
beanie boo	beanie boos
beanieboos	beanie boos
beanieboo	beanie boos
ben shaw	ben shaws
benshaws	ben shaws
benshaw	ben shaws
bendick	bendicks
bigcock	big cock
bigleague	big league
bigpineapple	big pineapple
bigred	big red
bird	birds
blowpipe	blowpipes
bob	bob's
bobs	bob's
brachs	brach's
brach	brach's
bubbliciou	bubblicious
buttermenthol	butter menthol 
cactuscooler	cactus cooler
cadburydairymilk	cadbury dairy milk
canadadry	canada dry
cancercouncil	cancer council
candycoatedmarshmallow	candy coated marshmallow
capn crunch	cap'n crunch
cap'ncrunch	cap'n crunch
capncrunch	cap'n crunch
cavendish n harvey	cavendish & harvey
cavendish and harvey	cavendish & harvey
cavendish&harvey	cavendish & harvey
cavendishharvey	cavendish & harvey
ccs	cc's
cc	cc's
charm	charms
cheerio	cheerios
cheeto	cheetos
cheezel	cheezels
chunkyfunkeez	chunky funkeez
chupachup	chupa chup
chupachup	chupa chups
chupachups	chupa chups
chupa chup	chupa chups
clifbar	clif bar
cocacola	coca-cola
countrydream	country dreams
countrydreams	country dreams
country dream	country dreams
cusson	cussons
dabomb	da'bomb
daddie	daddies
demet	demets
desertstorm	desert storm
dipstix	dip stix
dippee	dippees
disco	discos
doritos	dorito's
dorito	dorito's
dorito	doritos
doublebubble	double bubble
drpepper	dr pepper
dubblebubble	dubble bubble
ducttape	duct tape
elbubble	el bubble
elyucateco	el yucateco
farrah	farrah's
farrahs	farrah's
ferrarapan	ferrara pan
findingdory	finding dory
fisherman'sfriend	fisherman's friend
fishermans friend	fisherman's friend
fishermansfriend	fisherman's friend
fizzer	fizzers
fluffystuff	fluffy stuff
flyingcauldron	flying cauldron
fourseasonsnaked	four seasons naked
frank	franks
frenchfries	french fries
french frie	french fries
frenchfrie	french fries
freshenup	freshen-up
frito	fritos
fruitstripe	fruit stripe
fujixerox	fuji xerox
gamesformotion	games for motion
gaspump	gas pump
geektape	geek tape
generalmill	general mills
generalmills	general mills
general mill	general mills
ghostdrops	ghost drops
ghost drop	ghost drops
ghostdrop	ghost drops
giantroaster	giant roaster
gilliamstick	gilliam stick
glownail	glow nails
glow nail	glow nails
glownails	glow nails
gonatural	go natural
goetzecowtale	goetze cow tales
goetzecowtales	goetze cow tales
goetze cow tale	goetze cow tales
goodfruity	good & fruity
good&fruity	good & fruity
good and fruity	good & fruity
good n fruity	good & fruity
goodplenty	good & plenty
good and plenty	good & plenty
good&plenty	good & plenty
good n plenty	good & plenty
grainwave	grainwaves
grans	gran's
gran	gran's
grapevine	grapevines
greekyogurt	greek yogurt
greentime	green time
gummyfilledmarshmallow	gummy filled marshmallow
harrypotter	harry potter
hawaiianpunch	hawaiian punch
hayward	haywards
head shoulder	head shoulders
headshoulder	head shoulders
headshoulders	head shoulders
helloketty	hello ketty
hellopanda	hello panda
herbalessence	herbal essences
herbalessences	herbal essences
herbal essence	herbal essences
herr	herr's
herrs	herr's
hershey	hershey's
hersheys	hershey's
hostes	hostess
hot tamale	hot tamales
hottamale	hot tamales
hottamales	hot tamales
hothead	hotheads
hubbabubba	hubba bubba
huggie	huggies
hulahoop	hula hoops
hulahoops	hula hoops
hula hoop	hula hoops
hygiene plu	hygiene plus
hygieneplu	hygiene plus
hygieneplus	hygiene plus
icebreaker	ice breaker
jackdaniel	jack daniel's
jack daniel	jack daniel's
jackdaniel's	jack daniel's
jackdaniels	jack daniel's
jack daniels	jack daniel's
jacobs	jacob's
jacob	jacob's
